"","baseMean","log2FoldChange","lfcSE","stat","pvalue","padj","sig"
"Glyma.11G124400",91.7733353508636,8.76457571469459,1.73257664516941,5.05869436664236,4.22136829280287e-07,0.000132572028572963,"FDR < 0.005"
"Glyma.05G236500",35.6398475285192,7.97154835440398,0.701647111793597,11.3611931417014,6.52473592745049e-30,6.07681280603102e-26,"FDR < 0.005"
"Glyma.12G048800",122.307082106522,7.45458693672721,1.35375311981159,5.50660739216963,3.65814840360549e-08,2.03403971086446e-05,"FDR < 0.005"
"Glyma.13G342600",36.5653772939845,7.40510152072364,0.833068303701951,8.88894882666546,6.16897306089652e-19,2.55354358234043e-15,"FDR < 0.005"
"Glyma.15G217200",17.3001428198405,7.18517568239452,0.759087509573157,9.46554328951457,2.92038924208804e-21,1.55423115463926e-17,"FDR < 0.005"
"Glyma.09G074000",64.4666199592463,6.93661123891757,1.47390022316028,4.70629634891049,2.52257739047516e-06,0.000478278845682026,"FDR < 0.005"
"Glyma.14G136300",290.822237450684,-6.82202788550759,0.299355277071874,-22.7890684013886,5.88541786073348e-115,2.19255356983765e-110,"FDR < 0.005"
"Glyma.08G003100",330.458384134647,6.08272401829709,0.86546792569486,7.02824892489626,2.09141542955735e-12,4.86959940079559e-09,"FDR < 0.005"
"Glyma.07G117100",5.29578023987786,-5.47096333442742,0.998026738815432,-5.48178031875275,4.21066888362437e-08,2.2022284654662e-05,"FDR < 0.005"
"Glyma.06G200600",4.17795911120037,-5.46163811384264,1.00587375115073,-5.42974514206625,5.64345849877243e-08,2.76633424885879e-05,"FDR < 0.005"
"Glyma.03G116400",3.79920341149284,5.39273197066997,0.923355468621828,5.84036392692729,5.20869138084238e-09,4.41010428867959e-06,"FDR < 0.005"
"Glyma.18G082500",17.2995989046768,5.35332315558737,1.30648786044476,4.09749169331353,4.17651150438512e-05,0.00396917754041743,"FDR < 0.005"
"Glyma.19G251200",11.2915956938597,5.13026973345052,0.783355906640261,6.54909178569133,5.78880463989831e-11,8.98567200228216e-08,"FDR < 0.005"
"Glyma.06G240700",37.6468483375671,4.96490076988797,1.04226855088073,4.76355231642799,1.9021426493833e-06,0.000395879453967181,"FDR < 0.005"
"Glyma.12G155800",33.5495757831911,4.83649464665744,0.942936801949483,5.12918218554858,2.91003610778468e-07,0.000100380078851306,"FDR < 0.005"
"Glyma.05G216200",15.3125652706464,-4.82979322286841,0.732250919327586,-6.59581721973599,4.2291970818902e-11,7.16156854948806e-08,"FDR < 0.005"
"Glyma.11G196100",32.8368680663511,4.71137803468615,1.0703260174012,4.40181585618705,1.07348648934947e-05,0.00149217131834651,"FDR < 0.005"
"Glyma.05G130600",57.2258488351851,4.64666314788993,0.995021208291834,4.66991367537474,3.0132633147802e-06,0.00054230005569479,"FDR < 0.005"
"Glyma.03G167400",63.3610386710655,4.58748993929905,0.798359788020858,5.746143540961,9.13018080065188e-09,6.94154603158133e-06,"FDR < 0.005"
"Glyma.13G226900",7.94710881103087,4.49511221189649,0.954906809585835,4.7073831360006,2.50917040620325e-06,0.000478278845682026,"FDR < 0.005"
"Glyma.11G061100",74.8330183351472,4.39802675255787,0.545555972072818,8.0615500108041,7.53330622031716e-16,2.33871491609746e-12,"FDR < 0.005"
"Glyma.13G223800",194.357746688986,4.37233327430734,0.780369720416452,5.6028997024308,2.1079521294829e-08,1.37771313389045e-05,"FDR < 0.005"
"Glyma.20G156000",18.2274926153992,4.16877014613783,0.868774861542547,4.79844702082655,1.5990059005867e-06,0.000356702789344054,"FDR < 0.005"
"Glyma.15G240300",105.423550843183,-4.08463125873008,0.381407986594218,-10.7093490495671,9.20064632633703e-27,6.85521756482719e-23,"FDR < 0.005"
"Glyma.12G240300",5.06815124299894,4.07296148683729,1.00082611584232,4.06959952619679,4.70940186069729e-05,0.00433195202267696,"FDR < 0.005"
"Glyma.03G002700",112.650170089314,3.95953587403813,0.724067425480445,5.46846292858822,4.5395498321356e-08,2.31666286912849e-05,"FDR < 0.005"
"Glyma.04G100500",10.122689041402,3.87838835050766,0.791717709897641,4.89870101681708,9.64723097679645e-07,0.000251327232733968,"FDR < 0.005"
"Glyma.15G088200",45.6534632173331,3.81258029611956,0.774965380799717,4.91967820831585,8.66866109769148e-07,0.00023172524274138,"FDR < 0.005"
"Glyma.19G263100",5.21726479432439,-3.77653923112236,0.787602061163251,-4.79498393585282,1.62687867307144e-06,0.000360760345753591,"FDR < 0.005"
"Glyma.05G195500",491.55072145176,3.76358504558595,0.722186026621725,5.21137893402815,1.87442146216877e-07,6.91383140115202e-05,"FDR < 0.005"
"Glyma.15G240200",4.61417457392557,-3.72010751475224,0.783742247729189,-4.74659561294656,2.06868957910583e-06,0.000418842182500046,"FDR < 0.005"
"Glyma.12G135300",298.074903255676,3.70624035600117,0.782301130569316,4.73761344727185,2.16249801339787e-06,0.000430811235246653,"FDR < 0.005"
"Glyma.U040600",24.7708765798621,3.67997657411247,0.616145598301833,5.97257626160911,2.33535916366733e-09,2.23080693034007e-06,"FDR < 0.005"
"Glyma.11G196200",38.05430817702,3.62356672672942,0.512125797237079,7.07554031895792,1.488675689033e-12,3.96136600851682e-09,"FDR < 0.005"
"Glyma.05G249100",6.73890256045598,-3.60914205646984,0.681317206433224,-5.29730061473733,1.17527123545312e-07,4.65782495803943e-05,"FDR < 0.005"
"Glyma.18G182800",109.372783747716,-3.59003693829827,0.652933495132464,-5.49831945375989,3.83427844199895e-08,2.10062072173866e-05,"FDR < 0.005"
"Glyma.06G110800",15.5123253280301,3.56474562236926,0.788639724828016,4.5201192764499,6.18047998365668e-06,0.000955384237805584,"FDR < 0.005"
"Glyma.04G017200",14.2667397466191,3.47610130505627,0.821194377695878,4.23298234799121,2.30612611944865e-05,0.00261928117237622,"FDR < 0.005"
"Glyma.05G223400",131.528664969702,3.44510954504973,0.273061391766943,12.6166116811934,1.71022681739937e-36,2.12375966184653e-32,"FDR < 0.005"
"Glyma.14G153800",10.8075357947601,3.429375117535,0.790853444320991,4.33629662001331,1.44903374831548e-05,0.00186145873309465,"FDR < 0.005"
"Glyma.03G129100",31.7356439106948,-3.37896309061922,0.400263899555177,-8.44183823316154,3.12385487813569e-17,1.16376089630067e-13,"FDR < 0.005"
"Glyma.07G005800",92.1552352051467,3.37471456092893,0.793913787558785,4.2507317719042,2.13073217281854e-05,0.00244994741870932,"FDR < 0.005"
"Glyma.04G005700",6.1780570771364,3.31027280920217,0.799951625671641,4.13809123323283,3.50207123240456e-05,0.00356464922655737,"FDR < 0.005"
"Glyma.11G003100",22.9990821801971,3.27013168041565,0.682841089528004,4.7890083513809,1.67607506444251e-06,0.000367297061474949,"FDR < 0.005"
"Glyma.10G111600",8.55944273161239,3.25154423722188,0.535914709109154,6.06727933000175,1.30095182493191e-09,1.38473312245753e-06,"FDR < 0.005"
"Glyma.05G247100",15.3425285234735,3.2106507943887,0.677199025814369,4.74107414807296,2.12588106475534e-06,0.000428094990196731,"FDR < 0.005"
"Glyma.02G229500",57.1641979779146,3.19787142497901,0.48824091822539,6.5497816868818,5.76212561090138e-11,8.98567200228216e-08,"FDR < 0.005"
"Glyma.17G009600",16.3989569936423,3.15836511739804,0.745767613800542,4.23505266111322,2.28498151247805e-05,0.00260320187357362,"FDR < 0.005"
"Glyma.10G228900",4.39754706576327,3.15618995781678,0.728049601204842,4.33513039852454,1.45673742980159e-05,0.001861711082891,"FDR < 0.005"
"Glyma.15G187300",20.305801788126,3.13830230692073,0.551346284014701,5.69207120445025,1.25507489790251e-08,8.77047081027864e-06,"FDR < 0.005"
"Glyma.15G205500",19.9126544755548,3.02648412080264,0.472314251504151,6.4077764140387,1.4765722833159e-10,2.03734162380187e-07,"FDR < 0.005"
"Glyma.18G268200",114.564829645322,3.01988713172661,0.620318937128118,4.86828138071641,1.12572966332709e-06,0.000275907453142022,"FDR < 0.005"
"Glyma.04G035600",16.4035138463202,3.00045235451852,0.741715224601922,4.0452888858104,5.22586413105913e-05,0.00462433117193532,"FDR < 0.005"
"Glyma.07G121900",504.513966885097,2.99173807349865,0.657905719429028,4.54736596011821,5.43214947329522e-06,0.000872281450336811,"FDR < 0.005"
"Glyma.01G081900",1040.14272557662,2.95523431375609,0.60077504149452,4.91903642735307,8.6971284606927e-07,0.00023172524274138,"FDR < 0.005"
"Glyma.01G221200",94.2608347616159,2.91370119781314,0.4326121449885,6.73513499693955,1.63777803443974e-11,3.0506891447509e-08,"FDR < 0.005"
"Glyma.08G275400",66.4044424728778,2.80267720923351,0.497919371840238,5.62877720317492,1.81491644116608e-08,1.20737316248574e-05,"FDR < 0.005"
"Glyma.05G229700",21.158592137146,-2.79725546265354,0.663118274184407,-4.2183356597946,2.46112253883189e-05,0.00272067237571641,"FDR < 0.005"
"Glyma.14G093100",910.862291128994,2.77669462747818,0.671948780088455,4.13230101721839,3.59149644878021e-05,0.00363580458431679,"FDR < 0.005"
"Glyma.05G231500",20.4992994930348,2.68779531833462,0.431614452270363,6.2273061159013,4.74523409555899e-10,5.70254680632112e-07,"FDR < 0.005"
"Glyma.13G147900",45.2923616215973,2.63195228414861,0.550323582826122,4.78255405780092,1.73081819742035e-06,0.000374883146085451,"FDR < 0.005"
"Glyma.02G134000",332.950257329433,2.61447831964282,0.536221497367276,4.87574320029933,1.08399552874425e-06,0.000271027982737171,"FDR < 0.005"
"Glyma.19G150600",9.01324971063445,2.61278400364488,0.533980606221803,4.89303164422341,9.92944336992243e-07,0.000255111367795235,"FDR < 0.005"
"Glyma.08G073900",28.6869677466622,2.55313979991042,0.517687959586155,4.93181220971687,8.14702218074153e-07,0.000224750785399593,"FDR < 0.005"
"Glyma.03G040600",6.86812662391978,2.53504008714942,0.589739595585628,4.29857534770419,1.71899464186048e-05,0.00212051080754538,"FDR < 0.005"
"Glyma.18G091100",28.3523674394203,2.52258183539497,0.576608444552874,4.3748610677235,1.21509842650935e-05,0.00162248303875194,"FDR < 0.005"
"Glyma.13G196500",8.16374275280337,2.47771765800695,0.553858757785339,4.47355507731676,7.69297307925005e-06,0.00113727785354913,"FDR < 0.005"
"Glyma.08G024700",276.233063301368,2.44419598918227,0.472253456845156,5.17560211313325,2.27177138450285e-07,8.29731089786952e-05,"FDR < 0.005"
"Glyma.08G233300",234.120179287681,2.41871393793029,0.554268360023346,4.36379579348244,1.27824904831162e-05,0.0016592296183206,"FDR < 0.005"
"Glyma.03G019300",25.6423506933649,-2.3865268866037,0.588854470253638,-4.05282970098834,5.06018378650556e-05,0.00452067354394432,"FDR < 0.005"
"Glyma.12G003800",19.55871153244,-2.36915161959675,0.523548557738943,-4.52518030004406,6.03440381797164e-06,0.000936690332644648,"FDR < 0.005"
"Glyma.03G005300",61.637973885514,2.36727804934753,0.35780205046432,6.6161668058512,3.6863239790546e-11,6.53953873884286e-08,"FDR < 0.005"
"Glyma.04G032200",55.2511438752745,2.36563619884411,0.349056713889758,6.77722589112336,1.22505273600425e-11,2.40200603300538e-08,"FDR < 0.005"
"Glyma.15G176900",262.053459618584,2.33312949389568,0.330881314589587,7.05125793153236,1.77307472319488e-12,4.4036083825268e-09,"FDR < 0.005"
"Glyma.01G204700",58.2989213847361,2.33143092930847,0.518582549545222,4.49577590174032,6.9316711896105e-06,0.00104972552234858,"FDR < 0.005"
"Glyma.02G260400",32.8684838361545,2.29078716956425,0.428779557865381,5.34257552055096,9.1635173972083e-08,3.87929178540452e-05,"FDR < 0.005"
"Glyma.05G173500",29.2000979412292,2.28125019526996,0.478150970421254,4.7709830919305,1.83328930923511e-06,0.000388053181399119,"FDR < 0.005"
"Glyma.05G241300",76.9724429577561,2.28069261076602,0.475981958409919,4.79155264284591,1.65495584050234e-06,0.000364814940130617,"FDR < 0.005"
"Glyma.14G216100",95.3123755570924,2.25722257352196,0.403413592461497,5.59530619617729,2.20232737704642e-08,1.39060176448283e-05,"FDR < 0.005"
"Glyma.04G143500",19.1308928840359,2.23067337045432,0.391178306801468,5.70244651011907,1.18099977352728e-08,8.77047081027864e-06,"FDR < 0.005"
"Glyma.02G042300",40.3339752732176,2.20485537706414,0.473117894261558,4.66026629685075,3.15800543189688e-06,0.000565616992114838,"FDR < 0.005"
"Glyma.16G119900",113.337651862239,-2.19821489142891,0.395450120923298,-5.55876651724499,2.71687849405705e-08,1.65925559700986e-05,"FDR < 0.005"
"Glyma.03G104800",42.1525050473341,2.18514523800754,0.521716482501616,4.18837685083253,2.8095669982992e-05,0.00299050311298967,"FDR < 0.005"
"Glyma.11G121800",62.6550074201513,2.17744715203667,0.439814008698066,4.95083628300594,7.38952491749636e-07,0.000206984482162714,"FDR < 0.005"
"Glyma.10G158300",71.798390724573,2.15878017365491,0.235301165596219,9.17454092581682,4.53502642108055e-20,2.11184842863668e-16,"FDR < 0.005"
"Glyma.04G020400",38.7226027763647,2.12625269265079,0.452899156194177,4.69475966905792,2.66920350627589e-06,0.000499690992074382,"FDR < 0.005"
"Glyma.08G312000",42.0756241599159,-2.1161098256149,0.380316104127749,-5.56408156964105,2.6353666125829e-08,1.63629912975272e-05,"FDR < 0.005"
"Glyma.05G236000",231.416118474738,2.10844761567849,0.127403067378797,16.5494258423906,1.61636792403198e-61,3.01080853209437e-57,"FDR < 0.005"
"Glyma.17G197300",448.05826745915,2.10693162902407,0.20232018460081,10.4138478974857,2.14377437682762e-25,1.33106951057227e-21,"FDR < 0.005"
"Glyma.18G214700",66.7677368923005,2.09326605343267,0.388211462264678,5.39207688825403,6.96479523770889e-08,3.24333102232009e-05,"FDR < 0.005"
"Glyma.09G224200",28.94686477476,2.09218186751486,0.411261029970216,5.08723587952493,3.63319846020945e-07,0.000118729101260213,"FDR < 0.005"
"Glyma.04G203500",54.4686228511251,2.09061762730901,0.41440408186036,5.04487701454031,4.53813172292565e-07,0.000139721949756919,"FDR < 0.005"
"Glyma.17G015500",263.255703341533,2.09019874340949,0.508611778063005,4.10961529709319,3.96318801428189e-05,0.00387518651664193,"FDR < 0.005"
"Glyma.03G239700",11474.7545682261,-2.077548779238,0.494355839380223,-4.20253714782178,2.63939917317433e-05,0.00286113547994287,"FDR < 0.005"
"Glyma.05G211500",12.828584700617,-2.00096169661385,0.454742236029576,-4.40021079652631,1.08145771179889e-05,0.00149217131834651,"FDR < 0.005"
"Glyma.02G245700",61.9138483374811,1.99518226651379,0.426528059104372,4.67772805077185,2.90070892746304e-06,0.000529720639135823,"FDR < 0.005"
"Glyma.11G022600",39.880862748123,-1.98594164524093,0.46352258882812,-4.28445493942765,1.83187729780895e-05,0.00220144376943789,"FDR < 0.005"
"Glyma.09G238200",109.314516037501,1.96372222972416,0.389777472571421,5.03805983647332,4.70274439105007e-07,0.000142435804507463,"FDR < 0.005"
"Glyma.18G018200",76.4292203660049,1.95084327730842,0.454181373382783,4.29529564979375,1.74460676800138e-05,0.00214500265792487,"FDR < 0.005"
"Glyma.17G071300",81.8264675034761,1.94132759701167,0.434346620626415,4.4695354005791,7.83896847236624e-06,0.00114522718223346,"FDR < 0.005"
"Glyma.19G123400",22.6727530309211,-1.93351327397385,0.398647261465116,-4.85018576790861,1.23345898006293e-06,0.000298384940540678,"FDR < 0.005"
"Glyma.12G119900",52.6270238750487,1.91934074794771,0.410681398964446,4.67355169429981,2.96035149064778e-06,0.000535363759381517,"FDR < 0.005"
"Glyma.18G138400",86.1250667879476,1.9112075602365,0.463309902902705,4.12511700756339,3.70546325569105e-05,0.00374101160237166,"FDR < 0.005"
"Glyma.08G164600",338.120937448223,1.88739599266872,0.319989086426929,5.89831363858004,3.67235426861887e-09,3.30560839948082e-06,"FDR < 0.005"
"Glyma.19G053500",1123.22812674889,1.88665573277536,0.309461244234435,6.09658161700568,1.08360635905972e-09,1.18731386177679e-06,"FDR < 0.005"
"Glyma.06G235100",32.7610489683877,-1.87428706168461,0.446012574103003,-4.20231888182542,2.64194611343842e-05,0.00286113547994287,"FDR < 0.005"
"Glyma.18G207100",55.480919468003,1.84249240242226,0.375382819046874,4.90830242870596,9.18681130689499e-07,0.000241017935512018,"FDR < 0.005"
"Glyma.16G000100",9.84812826890486,-1.80871705120588,0.424997676030996,-4.2558280979258,2.08276689371772e-05,0.00240967074094906,"FDR < 0.005"
"Glyma.05G212700",78.4853860296408,1.79566467480092,0.445657574488498,4.02924751556592,5.59556784369187e-05,0.00487049730020787,"FDR < 0.005"
"Glyma.01G210100",95.2587524261242,1.79009551084701,0.338956846911927,5.28119000148753,1.28347501675692e-07,5.03311350255392e-05,"FDR < 0.005"
"Glyma.19G170200",24.606480505019,-1.74209326626396,0.364994531802581,-4.77292976872931,1.81565119275194e-06,0.000388053181399119,"FDR < 0.005"
"Glyma.10G012700",1085.5030984049,1.7165200560115,0.312592074883294,5.49124624049525,3.99107448102944e-08,2.12404983880387e-05,"FDR < 0.005"
"Glyma.11G020300",427.310555579052,1.70466809271023,0.230054029949543,7.40985973201213,1.26433070774865e-13,3.62318278357448e-10,"FDR < 0.005"
"Glyma.03G101000",131.744385633315,1.7031960920995,0.387035098684745,4.40062438235562,1.0793983285499e-05,0.00149217131834651,"FDR < 0.005"
"Glyma.18G183100",15.6785326168676,-1.69938539135365,0.406435576287994,-4.18119251979431,2.89984200147964e-05,0.00306905437281598,"FDR < 0.005"
"Glyma.01G044500",21.2313243416862,-1.684576680465,0.375692704191741,-4.48392173089751,7.32835517468387e-06,0.00109204217471069,"FDR < 0.005"
"Glyma.06G158000",926.09596304981,1.68179121826925,0.409014001362493,4.11181820834233,3.9255535212774e-05,0.00386428694448819,"FDR < 0.005"
"Glyma.01G244800",36.697174893764,-1.68005244776,0.391738530750591,-4.28870870715969,1.79714880517811e-05,0.00218060909466434,"FDR < 0.005"
"Glyma.16G001600",21.676549084607,-1.67489256163067,0.388397388025204,-4.31231674895296,1.61552766370456e-05,0.00202642651796801,"FDR < 0.005"
"Glyma.17G092800",72.3881481612997,-1.67401661997449,0.406401897108517,-4.1191161554236,3.80328403613813e-05,0.00380783015611663,"FDR < 0.005"
"Glyma.07G027000",49.3741307743164,1.66456085535425,0.350172079766958,4.75355104399536,1.99874612212515e-06,0.000409127956228848,"FDR < 0.005"
"Glyma.13G157000",126.106855571816,1.66125094711829,0.343950945897349,4.8299066100376,1.36597102401722e-06,0.000320594517086563,"FDR < 0.005"
"Glyma.07G190100",144.22438188942,1.65887723469646,0.347495887946552,4.77380392757801,1.80778392212786e-06,0.000388053181399119,"FDR < 0.005"
"Glyma.09G181400",422.702888486348,1.655005956368,0.284889391964212,5.80929302055551,6.27372020751361e-09,5.1938038357936e-06,"FDR < 0.005"
"Glyma.03G201000",135.618397137321,1.64914280712242,0.364355418319897,4.52619262457217,6.00558437510114e-06,0.000936690332644648,"FDR < 0.005"
"Glyma.15G098500",2466.68476585842,1.62291123631824,0.299971906136741,5.4102107667991,6.29506167269104e-08,3.0456652929147e-05,"FDR < 0.005"
"Glyma.01G157600",331.055610104699,1.59723126748376,0.268965765473342,5.93841846256103,2.87784718125879e-09,2.68028297226538e-06,"FDR < 0.005"
"Glyma.09G248400",45.8337598261266,1.569968895494,0.283548252410463,5.53686676658235,3.0793061480859e-08,1.82089636890146e-05,"FDR < 0.005"
"Glyma.15G116900",69.5494832690768,-1.56068698717883,0.379360771373235,-4.11399149556068,3.88875767549455e-05,0.00384275274384281,"FDR < 0.005"
"Glyma.18G234300",26.0318693694995,-1.55039471617078,0.356483611920498,-4.34913321209433,1.36676674029667e-05,0.00176796972718792,"FDR < 0.005"
"Glyma.09G252900",119.627267276526,1.54840498793213,0.358717422336325,4.31650344119717,1.58520210968224e-05,0.00200186845403736,"FDR < 0.005"
"Glyma.11G040900",130.793041462769,1.54440939696865,0.313981737982862,4.9187873374118,8.70820153105525e-07,0.00023172524274138,"FDR < 0.005"
"Glyma.12G117300",23.3773100754965,1.50524026459305,0.326706694829917,4.6073138029102,4.07904183546706e-06,0.000693884130312738,"FDR < 0.005"
"Glyma.14G011100",163.485686464521,1.50408947943855,0.369961702095155,4.06552751520129,4.79239395336773e-05,0.00436517956818488,"FDR < 0.005"
"Glyma.03G008800",175.897937451059,1.49744572635212,0.366059882405869,4.09071247171473,4.30050023138242e-05,0.00405597052202331,"FDR < 0.005"
"Glyma.14G206100",128.92522452014,1.48392714459798,0.314313879400345,4.72116327611448,2.34499594802205e-06,0.000455002495039653,"FDR < 0.005"
"Glyma.08G027600",3483.69075968861,1.45887458500165,0.264216674371039,5.521508392589,3.36101757278642e-08,1.8971416463119e-05,"FDR < 0.005"
"Glyma.07G238700",209.539886436068,1.4575348480229,0.347417699222456,4.1953384968151,2.72464372893494e-05,0.00292518378898393,"FDR < 0.005"
"Glyma.14G061700",48.6258412723874,1.45292750756772,0.331240798813794,4.3863180887463,1.15285494598464e-05,0.00155610355643883,"FDR < 0.005"
"Glyma.17G156700",52.7716176028185,1.44242186592512,0.338520976740548,4.26095268840794,2.03557325520764e-05,0.00236978893904705,"FDR < 0.005"
"Glyma.01G223100",155.899429340403,1.41365940351758,0.17497192947524,8.07934968630285,6.5113065515112e-16,2.20520194790908e-12,"FDR < 0.005"
"Glyma.14G092100",1248.9600564269,1.40098869264468,0.289292483517664,4.84281055494184,1.2801533097423e-06,0.00030768278323316,"FDR < 0.005"
"Glyma.01G183300",163.662748319468,1.3930577223829,0.327662157678828,4.25150628394618,2.12337551320351e-05,0.00244904741080135,"FDR < 0.005"
"Glyma.20G230100",313.629753449866,1.38680311119641,0.253978189515995,5.46032363581783,4.75267409166359e-08,2.36074827481114e-05,"FDR < 0.005"
"Glyma.U003600",22.8038842621156,-1.38370162300607,0.301026588390547,-4.59660932412681,4.29421705201783e-06,0.000716350946365086,"FDR < 0.005"
"Glyma.16G040100",149.82284555854,1.38098386834127,0.272233055146935,5.07280009621132,3.92004242181825e-07,0.000124818171267023,"FDR < 0.005"
"Glyma.07G192400",95.9130248794269,1.37880690864721,0.341822781921442,4.03368933134505,5.49079013158042e-05,0.00479048935742148,"FDR < 0.005"
"Glyma.19G028800",3812.1746994527,1.37156026740419,0.265958923636279,5.1570379690659,2.50886943490645e-07,8.90146875504809e-05,"FDR < 0.005"
"Glyma.12G079500",433.940480019678,1.36884994569397,0.262526287311206,5.21414430422847,1.84667674907187e-07,6.89618392145666e-05,"FDR < 0.005"
"Glyma.19G215800",68.2884084221153,-1.36860121765056,0.332510558149722,-4.11596319005998,3.85565842123399e-05,0.00384060692044521,"FDR < 0.005"
"Glyma.10G268500",1120.69511160989,1.3662120795464,0.303170587332613,4.50641367148029,6.59324915927109e-06,0.00100665944335855,"FDR < 0.005"
"Glyma.11G136200",27.8993067454388,-1.36320185745035,0.281796235000543,-4.83754460895377,1.31452888910803e-06,0.000311920122514845,"FDR < 0.005"
"Glyma.05G221100",4720.3488783477,1.3593857451324,0.254345951490279,5.34463291893349,9.060047214032e-08,3.87929178540452e-05,"FDR < 0.005"
"Glyma.15G052500",1448.41317918881,1.35410872401267,0.287981140513128,4.70207431500518,2.57531727861914e-06,0.000484549847968068,"FDR < 0.005"
"Glyma.13G057400",959.232197380734,1.35021450413487,0.296348844441477,4.5561659154757,5.20957919681435e-06,0.000843815927817921,"FDR < 0.005"
"Glyma.16G173100",3616.41674845879,1.34716171223006,0.282728429821171,4.76486115344733,1.88983738931441e-06,0.000395528101693926,"FDR < 0.005"
"Glyma.15G262800",60.0384521818681,-1.34495429686962,0.330424107586354,-4.07038792264311,4.69349173336111e-05,0.00432800349095631,"FDR < 0.005"
"Glyma.18G284600",1410.39175888789,1.34310095815334,0.215883826113429,6.22140612538363,4.92718929582285e-10,5.73617218833077e-07,"FDR < 0.005"
"Glyma.08G336900",96.238724519302,1.33660566471052,0.277587724334046,4.81507483055001,1.4714473956833e-06,0.000332226068356278,"FDR < 0.005"
"Glyma.19G260000",528.706319691279,1.32749158757017,0.275309764156823,4.82181077607547,1.42260865457037e-06,0.000329179272157545,"FDR < 0.005"
"Glyma.16G101900",65.7482591904927,1.31068623665265,0.324417923424192,4.04011659657552,5.34246350110143e-05,0.00470515686217571,"FDR < 0.005"
"Glyma.06G087100",511.515025280906,1.30926021292348,0.245698892921845,5.32871840549945,9.89082079638193e-08,4.14014199942036e-05,"FDR < 0.005"
"Glyma.11G239200",450.597125927365,1.30133872605175,0.307915054574522,4.2262913317114,2.37574372528581e-05,0.00266114997307073,"FDR < 0.005"
"Glyma.15G250800",118.142942017617,-1.29669267686922,0.31595687914597,-4.10401786590048,4.06036086749939e-05,0.00394946954981259,"FDR < 0.005"
"Glyma.18G009200",3066.53256628272,1.29516512090235,0.240040331540389,5.39561461439005,6.82893832312421e-08,3.22031985176796e-05,"FDR < 0.005"
"Glyma.08G213900",23.1378787956742,-1.28975146185449,0.28062616804468,-4.59597717077169,4.3072586027213e-06,0.000716350946365086,"FDR < 0.005"
"Glyma.18G195900",1177.32945565955,1.2866823086723,0.229843912353028,5.59806999236956,2.16751247911489e-08,1.39060176448283e-05,"FDR < 0.005"
"Glyma.20G122500",781.934567920575,1.28565308920856,0.266941928308067,4.81622762432749,1.46297629517954e-06,0.000332226068356278,"FDR < 0.005"
"Glyma.14G077600",150.103300219452,1.283609226193,0.240205515862819,5.343795797454,9.10201030983399e-08,3.87929178540452e-05,"FDR < 0.005"
"Glyma.12G153000",715.134607175961,1.27858516016512,0.308317177939589,4.14697996624645,3.36889527565058e-05,0.00345516295562265,"FDR < 0.005"
"Glyma.12G013200",185.957986862021,1.27169945661299,0.291115955299987,4.36836055688717,1.25182704390763e-05,0.00165283392872004,"FDR < 0.005"
"Glyma.07G241600",1935.63317428325,1.26484885629404,0.266063717521955,4.7539321335299,1.99498028998432e-06,0.000409127956228848,"FDR < 0.005"
"Glyma.11G248000",2979.06541653861,1.26321371399634,0.248784152943426,5.07754894775632,3.82335027803442e-07,0.000123390409094087,"FDR < 0.005"
"Glyma.03G168700",5656.12470593979,1.25920167813776,0.270397229211705,4.65685865868056,3.21070706663141e-06,0.000572304694068356,"FDR < 0.005"
"Glyma.06G156000",111.107374227691,1.25581582660063,0.212998608115257,5.89588747885663,3.72672874800543e-09,3.30560839948082e-06,"FDR < 0.005"
"Glyma.08G259500",924.491640948026,1.25294878855837,0.21652256645147,5.786689161747,7.17872390889154e-09,5.69013150003926e-06,"FDR < 0.005"
"Glyma.02G141100",63.3657305541047,1.25046655264787,0.293332188808858,4.26297078996231,2.01726896743618e-05,0.00236230875473695,"FDR < 0.005"
"Glyma.18G156100",1176.13999359131,1.24342420894672,0.24839513817044,5.00583150743285,5.56213959477662e-07,0.000164453927352229,"FDR < 0.005"
"Glyma.13G220000",2327.00723226617,1.24131775872548,0.275054470312982,4.51298885385501,6.39203825861614e-06,0.000983464402863529,"FDR < 0.005"
"Glyma.03G190400",39.5937861950958,1.23812019944894,0.29639572951402,4.17725384059684,2.9504969536698e-05,0.00311381907966048,"FDR < 0.005"
"Glyma.10G113500",167.344315308192,1.22460810390749,0.300627820657614,4.07350225015334,4.63114038753288e-05,0.00431321259992874,"FDR < 0.005"
"Glyma.02G186600",186.517332112402,1.22262267084269,0.298025415401209,4.10241075982317,4.0886757361882e-05,0.00394975388595944,"FDR < 0.005"
"Glyma.09G228700",37.0492745268192,1.22069462426194,0.288852696656705,4.22601082970918,2.37870548406226e-05,0.00266114997307073,"FDR < 0.005"
"Glyma.08G179900",1095.95991714603,1.21186145735319,0.264537777848185,4.58105253325543,4.62641601000799e-06,0.000756042063378416,"FDR < 0.005"
"Glyma.09G061900",428.766380301073,1.2117447441498,0.248712832155149,4.87206363117568,1.10438585221231e-06,0.000274285270255449,"FDR < 0.005"
"Glyma.12G051300",41.1474131027749,1.1982121861392,0.272904821799109,4.39058635256077,1.13045410125458e-05,0.00153700500321672,"FDR < 0.005"
"Glyma.20G022900",893.971322578175,1.19742231200141,0.245378021997995,4.87990856822212,1.06135033544502e-06,0.000267159090518031,"FDR < 0.005"
"Glyma.15G100200",31.564276587984,-1.18522284898332,0.282686187823995,-4.19271581008854,2.75634656826296e-05,0.00295071652454219,"FDR < 0.005"
"Glyma.20G228900",361.26676580594,1.1851087564169,0.208353491921626,5.68797165570277,1.2855715323508e-08,8.77047081027864e-06,"FDR < 0.005"
"Glyma.02G302800",278.787970179867,1.18320910608477,0.288691897574983,4.09851857992465,4.15802865441741e-05,0.00396171865707586,"FDR < 0.005"
"Glyma.03G167900",175.6870215786,1.18130691449462,0.265047968596688,4.45695517211138,8.31319785652183e-06,0.00120038710444521,"FDR < 0.005"
"Glyma.08G052800",137.377000180646,-1.17723367448116,0.285791555455779,-4.11920384632677,3.80183708677962e-05,0.00380783015611663,"FDR < 0.005"
"Glyma.11G245600",509.202283481384,1.1763868205418,0.277984082959599,4.2318495649723,2.31777418426182e-05,0.00262450940609391,"FDR < 0.005"
"Glyma.08G280700",299.160276803869,1.17370671556394,0.194197019368199,6.0438966539367,1.50435892388057e-09,1.55676075972908e-06,"FDR < 0.005"
"Glyma.12G027300",1846.20771740771,1.17256462672348,0.21192685308378,5.53287424251014,3.15025342009339e-08,1.83374282675249e-05,"FDR < 0.005"
"Glyma.04G228600",255.934281372484,1.17178283341024,0.24901002817809,4.70576563515825,2.52914942286356e-06,0.000478278845682026,"FDR < 0.005"
"Glyma.03G154700",1505.65195133327,1.1670621176655,0.245625066794542,4.75139664243517,2.02016414057494e-06,0.000411252431109175,"FDR < 0.005"
"Glyma.18G268600",1103.80610996866,1.16339544269598,0.268387813840616,4.33475509207311,1.45922487841352e-05,0.001861711082891,"FDR < 0.005"
"Glyma.15G076800",230.872472015209,1.16304611518565,0.18783074667037,6.19199005382603,5.9409301801891e-10,6.70677008887166e-07,"FDR < 0.005"
"Glyma.14G079100",1223.64062304389,1.16045033283285,0.235727645093384,4.92284361629766,8.529561325673e-07,0.00023172524274138,"FDR < 0.005"
"Glyma.08G159500",3275.44632221804,1.15484497408555,0.26242820548175,4.40061300562398,1.07945492701421e-05,0.00149217131834651,"FDR < 0.005"
"Glyma.05G076800",1001.58026859837,-1.14818067312912,0.16505109185485,-6.95651667750769,3.48788984714355e-12,7.64340284502858e-09,"FDR < 0.005"
"Glyma.09G126300",4387.9745924113,1.14345618018153,0.224018491557373,5.10429372250585,3.32032225237304e-07,0.000112888655907094,"FDR < 0.005"
"Glyma.11G087400",841.420612407406,1.13656386512426,0.253369844824228,4.48578979835876,7.26443335155485e-06,0.00108686425734468,"FDR < 0.005"
"Glyma.08G354600",116.686131739488,1.13410743527822,0.212098917484762,5.34706847506518,8.93902047661163e-08,3.87929178540452e-05,"FDR < 0.005"
"Glyma.08G042800",82.0816831798427,1.13402821017505,0.27005931372654,4.19918200385921,2.67880942621613e-05,0.00289264830041321,"FDR < 0.005"
"Glyma.20G114500",4612.92678954121,1.13284965178358,0.251653386818176,4.50162688492679,6.74352876627136e-06,0.00102540171697418,"FDR < 0.005"
"Glyma.18G211400",659.194515761424,1.13210367145844,0.221845195964651,5.10312457538557,3.34090918863002e-07,0.000112888655907094,"FDR < 0.005"
"Glyma.06G149900",110.801119474724,1.11829483270652,0.177096148504465,6.31461972578317,2.70826588264623e-10,3.47909438593458e-07,"FDR < 0.005"
"Glyma.15G143100",1062.85831887789,1.11778012585176,0.222987769261446,5.01274186272162,5.36598624657299e-07,0.000159923561303864,"FDR < 0.005"
"Glyma.06G094300",1001.5369101412,1.10500043021495,0.205793983846703,5.36944962899434,7.89772912452702e-08,3.63237038031024e-05,"FDR < 0.005"
"Glyma.11G093500",410.803211839255,1.1030997108904,0.247131262792746,4.46361863903677,8.05869439706225e-06,0.00116816576291112,"FDR < 0.005"
"Glyma.04G207800",2939.13134538036,1.10198089790735,0.218178207241404,5.05082937402662,4.39895880189534e-07,0.000136565676004841,"FDR < 0.005"
"Glyma.08G025800",497.292318443704,1.09156303037471,0.212387874669802,5.13947904074919,2.75501218582793e-07,9.68256829913525e-05,"FDR < 0.005"
"Glyma.01G027600",61.3297432197218,1.08786035762759,0.254063543067195,4.28184360689588,1.85351237263291e-05,0.0022131650618611,"FDR < 0.005"
"Glyma.08G345900",1011.30336739165,1.08476994549361,0.264604668466408,4.09958732693837,4.1388747945694e-05,0.00395647718422741,"FDR < 0.005"
"Glyma.06G208200",412.211538067191,1.0821511079735,0.244992481864551,4.41707884151234,1.00043746359778e-05,0.00141712156915863,"FDR < 0.005"
"Glyma.17G091300",685.678447573209,1.080424599877,0.26599108580824,4.0618827378896,4.86785286497915e-05,0.00442309733248617,"FDR < 0.005"
"Glyma.02G181300",440.201362842244,1.08022965280203,0.197681108022909,5.46450626266645,4.64196993863137e-08,2.33691821748342e-05,"FDR < 0.005"
"Glyma.15G061600",1216.1426108954,1.0770343233128,0.235107864687387,4.58102209700591,4.62708945214685e-06,0.000756042063378416,"FDR < 0.005"
"Glyma.20G170500",390.434706323073,1.07533320805614,0.220088212410712,4.88591913341292,1.02947448962457e-06,0.000260898249227712,"FDR < 0.005"
"Glyma.18G023300",808.372591679096,1.06066268627511,0.242098838975215,4.38111430341761,1.18073905985262e-05,0.00158798747060468,"FDR < 0.005"
"Glyma.05G114400",133.595298526458,1.05824014055954,0.226046783100861,4.68150940280071,2.84770332750639e-06,0.000525189800806549,"FDR < 0.005"
"Glyma.17G002100",862.493236621712,1.05792535232172,0.219874664636379,4.81149273869859,1.49807178286688e-06,0.000336199796379053,"FDR < 0.005"
"Glyma.13G214600",10522.8576797947,1.05624998552086,0.228304457225503,4.62649743398382,3.71901473003505e-06,0.000635601928286107,"FDR < 0.005"
"Glyma.18G192400",82.9001320774974,1.0554032116124,0.229207646656296,4.60457243468414,4.13314142922166e-06,0.000699891140019199,"FDR < 0.005"
"Glyma.14G000100",64.8897196229192,-1.05475080053775,0.215627871347867,-4.89153277795036,1.0005372684266e-06,0.000255301475328525,"FDR < 0.005"
"Glyma.11G233700",2517.58016900899,1.05432478825403,0.22777673324773,4.62876419913945,3.67854339840812e-06,0.000635601928286107,"FDR < 0.005"
"Glyma.05G162800",200.892765275438,1.05400225846952,0.253396328345379,4.15950091049825,3.1894374963837e-05,0.00332585062442124,"FDR < 0.005"
"Glyma.08G160200",48.7600589764254,1.05149452292041,0.258231695255373,4.07190341944878,4.66305149464829e-05,0.00432108793070057,"FDR < 0.005"
"Glyma.03G092700",1468.68064741292,1.05087012177469,0.206216870572611,5.09594641241863,3.47003282297896e-07,0.000115421966774338,"FDR < 0.005"
"Glyma.08G147400",74.6991874055076,1.0508683506955,0.235306134884736,4.46596239919655,7.97096097739322e-06,0.00115996164160862,"FDR < 0.005"
"Glyma.12G147600",195.829296871125,1.04740895855398,0.216874260567083,4.82956786026713,1.36829677931936e-06,0.000320594517086563,"FDR < 0.005"
"Glyma.10G215400",1906.09983239396,1.04557125216083,0.235856101683214,4.4330896877333,9.28922008696137e-06,0.00132590270160789,"FDR < 0.005"
"Glyma.19G119000",635.719914231895,1.04174662616357,0.205956460860955,5.05809151025797,4.23473221672372e-07,0.000132572028572963,"FDR < 0.005"
"Glyma.09G038000",22.1477262126139,1.04119456025287,0.256850353669572,4.05370109629021,5.04136238034248e-05,0.00451468543551151,"FDR < 0.005"
"Glyma.17G231400",625.094875998005,1.03832623347363,0.253198662846713,4.10083616477166,4.11659945216607e-05,0.00395257206162358,"FDR < 0.005"
"Glyma.19G083600",387.805957861258,1.03743459921515,0.21041453130565,4.93043228895709,8.20478520812386e-07,0.000224750785399593,"FDR < 0.005"
"Glyma.06G082800",216.408834773536,1.03682808648902,0.253539549318382,4.08941362117445,4.32465077837239e-05,0.00406844798225972,"FDR < 0.005"
"Glyma.19G262600",592.029374976053,1.03542209505534,0.228786527335127,4.52571271182701,6.01923035059279e-06,0.000936690332644648,"FDR < 0.005"
"Glyma.19G019200",121.087231717608,-1.03335106755524,0.163546133393008,-6.31840720484693,2.64272905155268e-10,3.47909438593458e-07,"FDR < 0.005"
"Glyma.18G196000",630.360627390574,1.03209640830376,0.171257846820818,6.02656419815676,1.67481804381961e-09,1.68631544336367e-06,"FDR < 0.005"
"Glyma.05G170300",93.6610362760759,1.0295538639083,0.225253971687096,4.57063578589622,4.86246734344132e-06,0.000791032132805951,"FDR < 0.005"
"Glyma.08G161900",67.2473188078607,1.02849888748061,0.2339487882817,4.39625652705748,1.10133767331466e-05,0.00150842770888471,"FDR < 0.005"
"Glyma.05G011700",103.520740123058,1.02780960414977,0.250720870843758,4.09941781348657,4.14190718271512e-05,0.00395647718422741,"FDR < 0.005"
"Glyma.15G276300",1538.79511802537,1.02513549449258,0.196247272548735,5.22369295215556,1.75389520757719e-07,6.73604248072995e-05,"FDR < 0.005"
"Glyma.10G279500",123.948668874438,1.02481445274854,0.19312742648446,5.30641593171646,1.11801687758771e-07,4.52723921278832e-05,"FDR < 0.005"
"Glyma.09G008200",122.154010122306,1.02022080570061,0.238657930530867,4.2748246556536,1.91287779694503e-05,0.00226950157475765,"FDR < 0.005"
"Glyma.01G146300",193.679213313112,1.01698277677009,0.185584940436,5.4798777011802,4.25619932124245e-08,2.2022284654662e-05,"FDR < 0.005"
"Glyma.15G036900",234.486063787662,1.01577833838124,0.244972451895941,4.14650027184574,3.37595779204017e-05,0.00345516295562265,"FDR < 0.005"
"Glyma.06G196300",158.567083417115,1.0157780188008,0.183768940865672,5.52747387026242,3.24874594717201e-08,1.86198125409148e-05,"FDR < 0.005"
"Glyma.17G006100",770.111994638125,-1.01565849204127,0.189801350886543,-5.351165770408,8.7389421758931e-08,3.87572085500859e-05,"FDR < 0.005"
"Glyma.06G158200",56.4941789313999,-1.01497260625,0.249297083355376,-4.07133766905384,4.67439318213435e-05,0.00432108793070057,"FDR < 0.005"
"Glyma.19G050700",131.600307922948,1.01327041401875,0.239478289952218,4.23115771463426,2.32491578755057e-05,0.00262461856816391,"FDR < 0.005"
"Glyma.11G194600",507.381061978959,1.01300672375491,0.222447762153432,4.55390836009486,5.26583022240533e-06,0.000849234801322459,"FDR < 0.005"
"Glyma.08G344000",39.3517778128705,-1.00793741222024,0.230790675582188,-4.36732294178539,1.25778685662985e-05,0.00165283392872004,"FDR < 0.005"
"Glyma.03G130100",859.824259431083,1.00681775477587,0.22514481388124,4.47186740577976,7.75395017571016e-06,0.00114176150136722,"FDR < 0.005"
"Glyma.20G176300",1425.78327141075,1.00350871089181,0.221143341819356,4.53782014251885,5.68387040249422e-06,0.000903856201504585,"FDR < 0.005"
"Glyma.02G139000",60.5391735057717,-1.00273619135204,0.214149280881007,-4.68241680395466,2.83512267608396e-06,0.000525189800806549,"FDR < 0.005"
"Glyma.19G000900",766.110506509039,0.998660809927007,0.211755123741428,4.71611166843104,2.40394529591224e-06,0.000462427025886593,"FDR < 0.005"
"Glyma.01G222000",71.7766742672571,0.99565476191698,0.241955761048071,4.11502812581994,3.87132206575554e-05,0.00384275274384281,"FDR < 0.005"
"Glyma.04G252900",157.559486680739,0.99436739862955,0.165763969162393,5.9986944307264,1.98910255848928e-09,1.95005333457789e-06,"FDR < 0.005"
"Glyma.01G131500",623.906604717701,0.992341608852741,0.241885238717604,4.10253066335841,4.08655675919967e-05,0.00394975388595944,"FDR < 0.005"
"Glyma.01G046200",595.449772081776,0.992284871086807,0.202673755483788,4.89597120612976,9.78213899529901e-07,0.000253072087590881,"FDR < 0.005"
"Glyma.08G096300",760.586785337917,0.988175725136508,0.208832546208881,4.7319047872361,2.22422743490291e-06,0.000440751962020602,"FDR < 0.005"
"Glyma.18G195700",1582.21054484911,0.986767494859366,0.193825739638714,5.09100337601534,3.56173684529817e-07,0.000117423844632512,"FDR < 0.005"
"Glyma.19G150400",282.503013958262,0.986514584247553,0.199905517739091,4.93490422578087,8.01901001952732e-07,0.00022294044721453,"FDR < 0.005"
"Glyma.03G088500",208.249730912703,0.985803308677288,0.224466638257417,4.39175868775108,1.12437452646742e-05,0.00153433877688708,"FDR < 0.005"
"Glyma.05G240100",204.077170436364,0.979877124921978,0.229688028363279,4.26612188673668,1.98900142993855e-05,0.00234488162249781,"FDR < 0.005"
"Glyma.08G056400",177.743092979802,0.975440014668324,0.221017508807735,4.41340606873309,1.01756878485975e-05,0.00143592831481687,"FDR < 0.005"
"Glyma.02G282400",408.495810092168,0.971757502519447,0.187847733638536,5.17311273176893,2.30226013615458e-07,8.32702904002938e-05,"FDR < 0.005"
"Glyma.17G032300",887.548488292638,0.969224077346659,0.228627555828513,4.23931434613965,2.24203525325866e-05,0.00256210985659197,"FDR < 0.005"
"Glyma.05G141000",771.800144397165,0.965044970257376,0.169528776900948,5.69251420259602,1.25182181919615e-08,8.77047081027864e-06,"FDR < 0.005"
"Glyma.02G310900",899.107601204001,0.964820694118575,0.179957538271205,5.36137970872073,8.25887108011357e-08,3.70800101863531e-05,"FDR < 0.005"
"Glyma.11G014500",303.258601552123,0.963972279243623,0.187795732599857,5.13308937268342,2.85024476208023e-07,9.92364657631187e-05,"FDR < 0.005"
"Glyma.09G164500",195.813755332294,0.963385566224496,0.18457919609838,5.21936158889224,1.79540932899193e-07,6.82512032063932e-05,"FDR < 0.005"
"Glyma.06G181600",2188.34102817537,0.959738954019208,0.224004038484612,4.28447165734978,1.83173956680167e-05,0.00220144376943789,"FDR < 0.005"
"Glyma.07G182000",99.6833543471959,0.957751807927972,0.165500596898368,5.78699911587701,7.16549557401235e-09,5.69013150003926e-06,"FDR < 0.005"
"Glyma.12G147700",328.841721451853,0.954907581218002,0.180211179934595,5.29882542006868,1.16550004992068e-07,4.65782495803943e-05,"FDR < 0.005"
"Glyma.03G150700",474.400726559636,0.954304155094167,0.213444930714608,4.47096190993706,7.78685675907757e-06,0.00114209276260896,"FDR < 0.005"
"Glyma.03G124700",154.640377728735,0.953807993578149,0.222891935718127,4.27923958085388,1.87532915623059e-05,0.0022320610986011,"FDR < 0.005"
"Glyma.04G223000",133.799708524226,0.950894063013629,0.197198584657849,4.82201261567616,1.42116955000776e-06,0.000329179272157545,"FDR < 0.005"
"Glyma.19G175400",53.0058982902062,0.949596537739379,0.228773998975924,4.15080621919501,3.31306183207733e-05,0.00341896968122462,"FDR < 0.005"
"Glyma.09G195100",953.066385497176,0.949569839536083,0.147442292300603,6.4402813108746,1.19252266266424e-10,1.71204966658268e-07,"FDR < 0.005"
"Glyma.15G094900",221.858831081554,0.947308445204332,0.227014014892219,4.1729073231628,3.00737293029652e-05,0.00316487771596798,"FDR < 0.005"
"Glyma.02G075100",2156.24500447699,0.947216646815078,0.232015261905282,4.08256180665293,4.45419606529608e-05,0.00416926181448594,"FDR < 0.005"
"Glyma.16G081400",481.178293562311,0.937235291690453,0.17896070371907,5.23710106304517,1.63118382588517e-07,6.33001273432563e-05,"FDR < 0.005"
"Glyma.18G143400",88.2229878311937,0.936752353110487,0.193521583329094,4.84055750782841,1.29475380419484e-06,0.000309197168086375,"FDR < 0.005"
"Glyma.09G212800",637.482022664805,0.933007162007047,0.175576217478408,5.31397233296581,1.07260910942107e-07,4.39109667718379e-05,"FDR < 0.005"
"Glyma.19G074600",525.494242393224,0.928402075085216,0.195897138583549,4.73923244513987,2.14529296422093e-06,0.000429681419833798,"FDR < 0.005"
"Glyma.12G239100",60.4207285380295,-0.923869566064469,0.228300655445442,-4.04672323109142,5.19395917333307e-05,0.00461803711320645,"FDR < 0.005"
"Glyma.01G080400",144.988719219289,0.921843587062678,0.221591658461496,4.16010058078454,3.18107474122505e-05,0.00332585062442124,"FDR < 0.005"
"Glyma.13G134600",1805.66082173091,0.920239993660119,0.205543447484713,4.4771069324823,7.56613574220464e-06,0.00112298335035893,"FDR < 0.005"
"Glyma.13G340300",644.81789977267,0.9192991946326,0.196647148410467,4.67486664344465,2.94144693331142e-06,0.000534539824651628,"FDR < 0.005"
"Glyma.07G268100",2072.4771701956,0.918366138651862,0.196234531596403,4.67994155351145,2.86956709133523e-06,0.000526615036554694,"FDR < 0.005"
"Glyma.11G251500",449.799567429356,0.917546727413945,0.212557659726971,4.31669566080341,1.58382291258047e-05,0.00200186845403736,"FDR < 0.005"
"Glyma.03G219500",1400.52288872753,0.917348171427702,0.213933455653534,4.28800707502875,1.8028335243373e-05,0.00218060909466434,"FDR < 0.005"
"Glyma.08G213400",414.750411887254,0.916508288241538,0.169714516392901,5.40029402151879,6.65317627623351e-08,3.17765934608722e-05,"FDR < 0.005"
"Glyma.19G154500",156.812868809043,0.913364324966318,0.212880456674162,4.2905034085131,1.78268549640464e-05,0.00217431165313105,"FDR < 0.005"
"Glyma.03G152200",75.8650387050919,-0.910702153499952,0.214696736267124,-4.24180716173936,2.21727168403894e-05,0.00254160736360574,"FDR < 0.005"
"Glyma.03G190000",192.453238377791,0.906332580590845,0.207580753417517,4.36616866289089,1.26444856843617e-05,0.00165283392872004,"FDR < 0.005"
"Glyma.06G000100",239.607210746798,-0.905315196842276,0.133259603902761,-6.79362064968224,1.09353703224575e-11,2.26325714440461e-08,"FDR < 0.005"
"Glyma.13G366800",859.68777814097,0.8904208783422,0.178857114841761,4.97839227212166,6.41146124358745e-07,0.000183142273565321,"FDR < 0.005"
"Glyma.18G265300",1731.45104801711,0.885436273508996,0.197033003129731,4.49384752525954,6.99477205336257e-06,0.00105499286670433,"FDR < 0.005"
"Glyma.18G199700",116.816571959925,-0.885294677806937,0.215190263757417,-4.11400898139577,3.88846295534477e-05,0.00384275274384281,"FDR < 0.005"
"Glyma.04G193600",156.012679758527,0.884824546124726,0.217563166683933,4.06697769485109,4.76267996883207e-05,0.00434874704801152,"FDR < 0.005"
"Glyma.04G249700",495.337381691693,-0.883726647526539,0.202493880959824,-4.3642140855697,1.27580589542789e-05,0.0016592296183206,"FDR < 0.005"
"Glyma.16G067500",135.483097265505,0.879476068370356,0.179171441619501,4.90857281953485,9.17415649459864e-07,0.000241017935512018,"FDR < 0.005"
"Glyma.17G091000",143.404419277193,-0.872057776826705,0.207502726241329,-4.20263286474843,2.63828299151594e-05,0.00286113547994287,"FDR < 0.005"
"Glyma.09G237200",73.6473757981039,0.871971886384332,0.215084094148975,4.05409749072553,5.03282256864772e-05,0.00451468543551151,"FDR < 0.005"
"Glyma.01G238400",158.217304652196,0.867614381105798,0.196658774675832,4.41177558710999,1.02526349191047e-05,0.00144132702368425,"FDR < 0.005"
"Glyma.19G169900",110.858853018926,0.867000499729923,0.208914385614464,4.1500277598399,3.324349552316e-05,0.00342114138734752,"FDR < 0.005"
"Glyma.02G096800",998.143955709114,0.863512681952107,0.208716663038628,4.13724840834723,3.51495518750192e-05,0.00356801472902443,"FDR < 0.005"
"Glyma.10G156900",1976.67916575812,0.857049066882772,0.199773838851024,4.29009660029556,1.78595416829898e-05,0.00217431165313105,"FDR < 0.005"
"Glyma.14G080800",284.047959016727,0.853362162466738,0.184451796047123,4.62647792406815,3.71936491024779e-06,0.000635601928286107,"FDR < 0.005"
"Glyma.13G007800",161.493109123148,0.85312847595182,0.184375414933339,4.62712708340355,3.7077302129949e-06,0.000635601928286107,"FDR < 0.005"
"Glyma.09G216700",446.946517501805,0.852292179364588,0.167055655549165,5.10184570862226,3.36356922899216e-07,0.000112888655907094,"FDR < 0.005"
"Glyma.19G113700",1082.80560241818,0.849708476390705,0.179957877509991,4.72170759150864,2.33872757547612e-06,0.000455002495039653,"FDR < 0.005"
"Glyma.16G035800",236.985852473547,0.846636319841134,0.17787633896828,4.75969049482243,1.93890052328007e-06,0.000401287778301532,"FDR < 0.005"
"Glyma.04G144300",673.875229061974,0.842088705496918,0.199446925690787,4.22211925593906,2.42015995094167e-05,0.00269136235260838,"FDR < 0.005"
"Glyma.06G112900",2065.73358940706,0.840955051460601,0.172693513752065,4.86963889488029,1.11802373655305e-06,0.00027583348530826,"FDR < 0.005"
"Glyma.04G203200",415.091415713939,0.83619741638641,0.205544541443405,4.06820541433181,4.73766078387449e-05,0.00434721218823794,"FDR < 0.005"
"Glyma.04G024500",431.30065158613,0.833694086863952,0.129455921112343,6.43998420234842,1.19485937969479e-10,1.71204966658268e-07,"FDR < 0.005"
"Glyma.05G199000",175.453031733373,-0.833288976113606,0.189520726064029,-4.39682241314377,1.09847145867358e-05,0.00150842770888471,"FDR < 0.005"
"Glyma.03G261000",480.157386756836,0.822712829359045,0.179110087442127,4.59333609350659,4.36215661576236e-06,0.000722256811393826,"FDR < 0.005"
"Glyma.19G237000",222.423180697002,0.819700726732929,0.164123582542365,4.99441161370787,5.90154110501575e-07,0.000170795584651358,"FDR < 0.005"
"Glyma.18G230100",1208.23671844306,0.817229985187738,0.187144542771934,4.36683845055351,1.26057892156044e-05,0.00165283392872004,"FDR < 0.005"
"Glyma.18G253200",124.813472718042,0.8169633941927,0.160926637266253,5.07662005539229,3.84208070406241e-07,0.000123390409094087,"FDR < 0.005"
"Glyma.12G147000",559.293927418022,0.81214289427474,0.161139942867914,5.03998499577757,4.65568345236262e-07,0.000142166255192063,"FDR < 0.005"
"Glyma.17G057800",147.282662555054,0.811602905842846,0.168460351874135,4.81776807903878,1.45172970610794e-06,0.000331795941541995,"FDR < 0.005"
"Glyma.14G152100",219.850271384083,0.811291265343445,0.173208616593774,4.68389668653822,2.81471919935283e-06,0.000524297745263452,"FDR < 0.005"
"Glyma.01G231600",436.83727235666,0.810674294378425,0.174845704488726,4.63651249968625,3.54336776979497e-06,0.000622663315546895,"FDR < 0.005"
"Glyma.09G264600",480.592102941497,0.808991434476366,0.197213451532533,4.10211082555345,4.09398084581557e-05,0.00394975388595944,"FDR < 0.005"
"Glyma.11G032000",248.739163321942,0.805947967503403,0.174027378141368,4.63115617847615,3.63629444424635e-06,0.000635601928286107,"FDR < 0.005"
"Glyma.06G155600",100.627988256137,0.803123823123836,0.166650643799236,4.8192062437596,1.44130498871152e-06,0.0003314467657374,"FDR < 0.005"
"Glyma.01G024000",696.835556234261,0.799579844550001,0.196926028724864,4.06030553567471,4.9008541153752e-05,0.00443146648578125,"FDR < 0.005"
"Glyma.06G300900",170.832628773929,-0.79714828274732,0.189291547149516,-4.2112196490088,2.53995630664226e-05,0.00279125463857377,"FDR < 0.005"
"Glyma.08G178600",223.367569399615,0.795401545916968,0.144803316500022,5.49297878765675,3.95210277959411e-08,2.12404983880387e-05,"FDR < 0.005"
"Glyma.19G262000",707.158358990652,0.792136093754966,0.181320570871913,4.36870505065053,1.24985431960771e-05,0.00165283392872004,"FDR < 0.005"
"Glyma.02G093700",133.052682031636,0.790869546408781,0.187427009429939,4.21961353816731,2.44721455428062e-05,0.00271334913705864,"FDR < 0.005"
"Glyma.U023900",137.411305476215,0.790326019604139,0.190727006187041,4.14375517869287,3.41664494024411e-05,0.00348722440010559,"FDR < 0.005"
"Glyma.03G233300",652.849331508485,0.788804436517542,0.170120459597127,4.63674056833353,3.53946198853045e-06,0.000622663315546895,"FDR < 0.005"
"Glyma.07G142700",146.650851757343,-0.780111768077357,0.173704404834698,-4.49103043080417,7.08794222105574e-06,0.00106473467541617,"FDR < 0.005"
"Glyma.14G001500",790.923145505665,0.777886464176648,0.132662431921807,5.86365297927862,4.52793288672646e-09,3.92287469214203e-06,"FDR < 0.005"
"Glyma.05G129600",1409.37526145074,0.777494569334381,0.19096068402709,4.07149028238758,4.67133114489262e-05,0.00432108793070057,"FDR < 0.005"
"Glyma.20G126800",448.090355247936,0.7739583261553,0.167161534753404,4.63000251401758,3.65661293122084e-06,0.000635601928286107,"FDR < 0.005"
"Glyma.09G205700",79.0225696206766,-0.773657748245575,0.187846824253775,-4.11855644256401,3.81253193813148e-05,0.00380783015611663,"FDR < 0.005"
"Glyma.02G235100",252.704893184378,0.769670194832936,0.190608631423531,4.03796086821868,5.39178444358778e-05,0.00473739475616555,"FDR < 0.005"
"Glyma.19G115900",195.354956071417,0.768987352402482,0.187484805823292,4.10159825499281,4.10306209767086e-05,0.00394975388595944,"FDR < 0.005"
"Glyma.01G109600",272.318603066474,0.76740665132443,0.16045273902886,4.78275818767045,1.72906082354795e-06,0.000374883146085451,"FDR < 0.005"
"Glyma.07G185100",644.010508924194,0.76195585619503,0.121575127274907,6.26736630488643,3.67205656661769e-10,4.55995984442585e-07,"FDR < 0.005"
"Glyma.13G065400",528.426684146605,-0.752331027197161,0.162100507093997,-4.6411392578859,3.46493504956803e-06,0.000614679477793368,"FDR < 0.005"
"Glyma.09G211400",184.598103947032,0.750964515857055,0.165747350398006,4.53077840492641,5.87667546164676e-06,0.000927668083255036,"FDR < 0.005"
"Glyma.10G170800",760.152738371423,0.749789719601866,0.182665468950922,4.10471515994803,4.04813353131625e-05,0.00394788394177109,"FDR < 0.005"
"Glyma.11G103500",6186.62508292852,0.747890929004845,0.158593889927198,4.71576130296168,2.40808619267727e-06,0.000462427025886593,"FDR < 0.005"
"Glyma.08G084300",2710.69731117639,0.734453276602227,0.154025119413037,4.76839933253162,1.85695422478846e-06,0.000390841653617341,"FDR < 0.005"
"Glyma.20G211200",2906.38280770297,0.733860470430074,0.176728745172113,4.1524680646342,3.28908665044089e-05,0.00340365650209792,"FDR < 0.005"
"Glyma.05G238600",153.630677432171,-0.719609971516447,0.126473846906627,-5.68979270510938,1.27193685400547e-08,8.77047081027864e-06,"FDR < 0.005"
"Glyma.07G027200",207.261354932368,-0.718888160566314,0.171780995558768,-4.18491089906611,2.85277977430029e-05,0.00302784779805649,"FDR < 0.005"
"Glyma.14G076000",308.007150603882,0.717268569971956,0.177660803752675,4.03729215911056,5.40717131032261e-05,0.00473973552928843,"FDR < 0.005"
"Glyma.14G224400",169.185497531226,0.709958125964854,0.165090361490083,4.30042141501702,1.70473617309991e-05,0.00210990835191575,"FDR < 0.005"
"Glyma.06G015300",175.140729640196,0.708954048274497,0.15711830183544,4.51223084766425,6.41493127975083e-06,0.000983464402863529,"FDR < 0.005"
"Glyma.20G223800",160.509210215766,0.706997983305277,0.168013263678433,4.20798910649357,2.57653284327613e-05,0.0028148432417422,"FDR < 0.005"
"Glyma.05G192600",107.278188243946,-0.706200678291064,0.169623692924712,-4.16333748024525,3.13629282028318e-05,0.00329125218948816,"FDR < 0.005"
"Glyma.10G227800",1510.06407263053,0.706048608837585,0.17553801627629,4.02219771998729,5.76576251796169e-05,0.0049952957405615,"FDR < 0.005"
"Glyma.16G045500",366.009037081252,0.705676051444223,0.147897259196965,4.77139370449337,1.8295552540873e-06,0.000388053181399119,"FDR < 0.005"
"Glyma.01G014700",300.622932401636,0.702706497411862,0.163381855841964,4.30100694958182,1.70023727247963e-05,0.00210990835191575,"FDR < 0.005"
